#Organism Name,Organism Groups,Strain,BioSample,BioProject,Assembly,Level,Size(Mb),GC%,Replicons,WGS,Scaffolds,CDS,Release Date,GenBank FTP,RefSeq FTP
"Xylella fastidiosa Temecula1","Bacteria;Proteobacteria;Gammaproteobacteria","Temecula1","SAMN02603844","PRJNA285","GCA_000007245.1","Complete",2.52115,51.8011,"chromosome:NC_004556.1/AE009442.1; plasmid pXFPD1.3:NC_004554.1/AE009443.1",,2,2142,"2003-01-29T00:00:00Z","ftp://ftp.ncbi.nlm.nih.gov/genomes/all/GCA/000/007/245/GCA_000007245.1_ASM724v1","ftp://ftp.ncbi.nlm.nih.gov/genomes/all/GCF/000/007/245/GCF_000007245.1_ASM724v1"
"Xylella fastidiosa","Bacteria;Proteobacteria;Gammaproteobacteria","ATCC 35879","SAMN12837460","PRJNA574207","GCA_011801475.1","Complete",2.60726,51.7632,"chromosome:NZ_CP044352.1/CP044352.1; plasmid pXF879-41:NZ_CP044353.1/CP044353.1",,2,2224,"2020-03-31T00:00:00Z","ftp://ftp.ncbi.nlm.nih.gov/genomes/all/GCA/011/801/475/GCA_011801475.1_ASM1180147v1","ftp://ftp.ncbi.nlm.nih.gov/genomes/all/GCF/011/801/475/GCF_011801475.1_ASM1180147v1"
"Xylella fastidiosa","Bacteria;Proteobacteria;Gammaproteobacteria","Hib4","SAMN03173341","PRJNA266708","GCA_001456315.1","Complete",2.87755,52.6911,"chromosome:NZ_CP009885.1/CP009885.1; plasmid pXF64-HB:NZ_CP009886.1/CP009886.1",,2,2528,"2015-12-03T00:00:00Z",,"ftp://ftp.ncbi.nlm.nih.gov/genomes/all/GCF/001/456/315/GCF_001456315.1_ASM145631v1"
"Xylella fastidiosa","Bacteria;Proteobacteria;Gammaproteobacteria","J1a12","SAMN03166204","PRJNA236207","GCA_001456235.1","Complete",2.86724,52.8078,"chromosome:NZ_CP009823.1/CP009823.1; plasmid pXF27-J1:NZ_CP009824.1/CP009824.1; plasmid pXF51-J1:NZ_CP009825.1/CP009825.1",,3,2504,"2015-12-03T00:00:00Z",,"ftp://ftp.ncbi.nlm.nih.gov/genomes/all/GCF/001/456/235/GCF_001456235.1_ASM145623v1"
"Xylella fastidiosa","Bacteria;Proteobacteria;Gammaproteobacteria","3124","SAMN03166214","PRJNA266562","GCA_001456195.2","Complete",2.74859,52.6,"chromosome:NZ_CP009829.2/CP009829.2",,1,2363,"2015-12-03T00:00:00Z",,"ftp://ftp.ncbi.nlm.nih.gov/genomes/all/GCF/001/456/195/GCF_001456195.2_ASM145619v2"
"Xylella fastidiosa","Bacteria;Proteobacteria;Gammaproteobacteria","U24D","SAMN03154423","PRJNA266001","GCA_001456275.1","Complete",2.73249,52.642,"chromosome:NZ_CP009790.1/CP009790.1; plasmid pXF51ud:NZ_CP009791.1/CP009791.1",,2,2333,"2015-12-03T00:00:00Z",,"ftp://ftp.ncbi.nlm.nih.gov/genomes/all/GCF/001/456/275/GCF_001456275.1_ASM145627v1"
"Xylella fastidiosa","Bacteria;Proteobacteria;Gammaproteobacteria","Pr8x","SAMN03166213","PRJNA266561","GCA_001456295.2","Complete",2.70582,52.5547,"chromosome:NZ_CP009826.2/CP009826.2; plasmid pXF39:NZ_CP009827.1/CP009827.1",,2,2328,"2015-12-03T00:00:00Z",,"ftp://ftp.ncbi.nlm.nih.gov/genomes/all/GCF/001/456/295/GCF_001456295.2_ASM145629v2"
"Xylella fastidiosa","Bacteria;Proteobacteria;Gammaproteobacteria","Salento-2","SAMN05429914","PRJNA330904","GCA_002954205.1","Complete",2.54357,51.9667,"chromosome:NZ_CP016610.1/CP016610.1; plasmid pSal2:NZ_CP016611.1/CP016611.1",,2,2160,"2018-02-27T00:00:00Z",,"ftp://ftp.ncbi.nlm.nih.gov/genomes/all/GCF/002/954/205/GCF_002954205.1_ASM295420v1"
"Xylella fastidiosa","Bacteria;Proteobacteria;Gammaproteobacteria","Salento-1","SAMN05429913","PRJNA330904","GCA_002954185.1","Complete",2.54337,51.9667,"chromosome:NZ_CP016608.1/CP016608.1; plasmid pSal1:NZ_CP016609.1/CP016609.1",,2,2126,"2018-02-27T00:00:00Z",,"ftp://ftp.ncbi.nlm.nih.gov/genomes/all/GCF/002/954/185/GCF_002954185.1_ASM295418v1"
"Xylella fastidiosa subsp. multiplex","Bacteria;Proteobacteria;Gammaproteobacteria","RH1","SAMN14680502","PRJNA627683","GCA_012974125.1","Complete",2.67842,52.2,"chromosome:NZ_CP052853.1/CP052853.1",,1,2345,"2020-05-05T00:00:00Z","ftp://ftp.ncbi.nlm.nih.gov/genomes/all/GCA/012/974/125/GCA_012974125.1_ASM1297412v1","ftp://ftp.ncbi.nlm.nih.gov/genomes/all/GCF/012/974/125/GCF_012974125.1_ASM1297412v1"
"Xylella fastidiosa subsp. multiplex","Bacteria;Proteobacteria;Gammaproteobacteria","LM10","SAMN14680501","PRJNA627683","GCA_012974145.1","Complete",2.66965,52.1,"chromosome:NZ_CP052854.1/CP052854.1",,1,2329,"2020-05-05T00:00:00Z","ftp://ftp.ncbi.nlm.nih.gov/genomes/all/GCA/012/974/145/GCA_012974145.1_ASM1297414v1","ftp://ftp.ncbi.nlm.nih.gov/genomes/all/GCF/012/974/145/GCF_012974145.1_ASM1297414v1"
"Xylella fastidiosa subsp. multiplex","Bacteria;Proteobacteria;Gammaproteobacteria","Oak 35874","SAMN24371051","PRJNA672949","GCA_021459905.1","Complete",2.64803,51.9741,"chromosome:NZ_CP090511.1/CP090511.1; plasmid pXF26-Oak35874:NZ_CP090512.1/CP090512.1",,2,2315,"2022-01-13T00:00:00Z","ftp://ftp.ncbi.nlm.nih.gov/genomes/all/GCA/021/459/905/GCA_021459905.1_ASM2145990v1","ftp://ftp.ncbi.nlm.nih.gov/genomes/all/GCF/021/459/905/GCF_021459905.1_ASM2145990v1"
"Xylella fastidiosa subsp. multiplex","Bacteria;Proteobacteria;Gammaproteobacteria","IVIA5901","SAMN09703973","PRJNA482385","GCA_004023395.2","Complete",2.55916,52,"chromosome:NZ_CP047134.1/CP047134.1",,1,2185,"2019-12-31T00:00:00Z",,"ftp://ftp.ncbi.nlm.nih.gov/genomes/all/GCF/004/023/395/GCF_004023395.2_ASM402339v2"
"Xylella fastidiosa subsp. fastidiosa","Bacteria;Proteobacteria;Gammaproteobacteria","Bakersfield-11","SAMN16582177","PRJNA672949","GCA_015476015.1","Complete",2.5928,51.6631,"chromosome:NZ_CP064332.1/CP064332.1; plasmid pXFAS01:NZ_CP064333.1/CP064333.1",,2,2227,"2020-11-15T00:00:00Z","ftp://ftp.ncbi.nlm.nih.gov/genomes/all/GCA/015/476/015/GCA_015476015.1_ASM1547601v1","ftp://ftp.ncbi.nlm.nih.gov/genomes/all/GCF/015/476/015/GCF_015476015.1_ASM1547601v1"
"Xylella fastidiosa subsp. fastidiosa","Bacteria;Proteobacteria;Gammaproteobacteria","Bakersfield-8","SAMN16582176","PRJNA672949","GCA_015476035.1","Complete",2.59219,51.6631,"chromosome:NZ_CP064334.1/CP064334.1; plasmid pXFAS01:NZ_CP064335.1/CP064335.1",,2,2230,"2020-11-15T00:00:00Z","ftp://ftp.ncbi.nlm.nih.gov/genomes/all/GCA/015/476/035/GCA_015476035.1_ASM1547603v1","ftp://ftp.ncbi.nlm.nih.gov/genomes/all/GCF/015/476/035/GCF_015476035.1_ASM1547603v1"
"Xylella fastidiosa subsp. multiplex","Bacteria;Proteobacteria;Gammaproteobacteria","BB08-1","SAMN18677606","PRJNA720706","GCA_018069665.1","Complete",2.55363,51.8,"chromosome:NZ_CP072932.1/CP072932.1",,1,2173,"2021-04-18T00:00:00Z","ftp://ftp.ncbi.nlm.nih.gov/genomes/all/GCA/018/069/665/GCA_018069665.1_ASM1806966v1","ftp://ftp.ncbi.nlm.nih.gov/genomes/all/GCF/018/069/665/GCF_018069665.1_ASM1806966v1"
"Xylella fastidiosa subsp. fastidiosa","Bacteria;Proteobacteria;Gammaproteobacteria","Stag's Leap","SAMN24371048","PRJNA672949","GCA_021459925.1","Complete",2.54328,51.8,"chromosome:NZ_CP090518.1/CP090518.1",,1,2153,"2022-01-13T00:00:00Z","ftp://ftp.ncbi.nlm.nih.gov/genomes/all/GCA/021/459/925/GCA_021459925.1_ASM2145992v1","ftp://ftp.ncbi.nlm.nih.gov/genomes/all/GCF/021/459/925/GCF_021459925.1_ASM2145992v1"
"Xylella fastidiosa subsp. fastidiosa","Bacteria;Proteobacteria;Gammaproteobacteria","IVIA5235","SAMN09925804","PRJNA488161","GCA_003515915.2","Complete",2.57621,51.6628,"chromosome:NZ_CP047171.1/CP047171.1; plasmid pXFAS_5235:NZ_CP047172.1/CP047172.1",,2,2211,"2019-12-31T00:00:00Z",,"ftp://ftp.ncbi.nlm.nih.gov/genomes/all/GCF/003/515/915/GCF_003515915.2_ASM351591v2"
"Xylella fastidiosa subsp. fastidiosa","Bacteria;Proteobacteria;Gammaproteobacteria","Bakersfield-1","SAMN11914553","PRJNA545724","GCA_009664125.2","Complete",2.57563,51.7613,"chromosome:NZ_CP040799.1/CP040799.2; plasmid pXFAS01:NZ_CP040800.1/CP040800.2",,2,2202,"2019-11-15T00:00:00Z",,"ftp://ftp.ncbi.nlm.nih.gov/genomes/all/GCF/009/664/125/GCF_009664125.1_ASM966412v2"
"Xylella fastidiosa subsp. fastidiosa","Bacteria;Proteobacteria;Gammaproteobacteria","Bakersfield-13","SAMN16582178","PRJNA672949","GCA_015475995.1","Complete",2.57558,51.6628,"chromosome:NZ_CP064330.1/CP064330.1; plasmid pXFAS01:NZ_CP064331.1/CP064331.1",,2,2206,"2020-11-15T00:00:00Z","ftp://ftp.ncbi.nlm.nih.gov/genomes/all/GCA/015/475/995/GCA_015475995.1_ASM1547599v1","ftp://ftp.ncbi.nlm.nih.gov/genomes/all/GCF/015/475/995/GCF_015475995.1_ASM1547599v1"
"Xylella fastidiosa subsp. fastidiosa","Bacteria;Proteobacteria;Gammaproteobacteria","Bakersfield-14","SAMN16582179","PRJNA672949","GCA_015475975.1","Complete",2.57518,51.6628,"chromosome:NZ_CP064328.1/CP064328.1; plasmid pXFAS01:NZ_CP064329.1/CP064329.1",,2,2193,"2020-11-15T00:00:00Z","ftp://ftp.ncbi.nlm.nih.gov/genomes/all/GCA/015/475/975/GCA_015475975.1_ASM1547597v1","ftp://ftp.ncbi.nlm.nih.gov/genomes/all/GCF/015/475/975/GCF_015475975.1_ASM1547597v1"
"Xylella fastidiosa subsp. fastidiosa","Bacteria;Proteobacteria;Gammaproteobacteria","Riv13","SAMN24371049","PRJNA672949","GCA_021459945.1","Complete",2.63641,51.7774,"chromosome:NZ_CP090514.1/CP090514.1; plasmid pXF1.3-Riv13:NZ_CP090517.1/CP090517.1; plasmid pXFAS01-Riv13:NZ_CP090516.1/CP090516.1; plasmid pXF62-Riv13:NZ_CP090515.1/CP090515.1",,4,2259,"2022-01-13T00:00:00Z","ftp://ftp.ncbi.nlm.nih.gov/genomes/all/GCA/021/459/945/GCA_021459945.1_ASM2145994v1","ftp://ftp.ncbi.nlm.nih.gov/genomes/all/GCF/021/459/945/GCF_021459945.1_ASM2145994v1"
"Xylella fastidiosa subsp. multiplex","Bacteria;Proteobacteria;Gammaproteobacteria","Fillmore","SAMN14680500","PRJNA627683","GCA_012974105.1","Complete",2.52654,52,"chromosome:NZ_CP052855.1/CP052855.1",,1,2141,"2020-05-05T00:00:00Z","ftp://ftp.ncbi.nlm.nih.gov/genomes/all/GCA/012/974/105/GCA_012974105.1_ASM1297410v1","ftp://ftp.ncbi.nlm.nih.gov/genomes/all/GCF/012/974/105/GCF_012974105.1_ASM1297410v1"
"Xylella fastidiosa subsp. multiplex","Bacteria;Proteobacteria;Gammaproteobacteria","LA-Y3C","SAMN24371052","PRJNA672949","GCA_021459845.1","Complete",2.52639,51.9,"chromosome:NZ_CP090510.1/CP090510.1",,1,2120,"2022-01-13T00:00:00Z","ftp://ftp.ncbi.nlm.nih.gov/genomes/all/GCA/021/459/845/GCA_021459845.1_ASM2145984v1","ftp://ftp.ncbi.nlm.nih.gov/genomes/all/GCF/021/459/845/GCF_021459845.1_ASM2145984v1"
"Xylella fastidiosa subsp. fastidiosa","Bacteria;Proteobacteria;Gammaproteobacteria","GV230","SAMN15783671","PRJNA656404","GCA_014249995.1","Complete",2.51499,51.7,"chromosome:NZ_CP060159.1/CP060159.1",,1,2157,"2020-08-19T00:00:00Z","ftp://ftp.ncbi.nlm.nih.gov/genomes/all/GCA/014/249/995/GCA_014249995.1_ASM1424999v1","ftp://ftp.ncbi.nlm.nih.gov/genomes/all/GCF/014/249/995/GCF_014249995.1_ASM1424999v1"
"Xylella fastidiosa subsp. multiplex","Bacteria;Proteobacteria;Gammaproteobacteria","Riv5","SAMN16582180","PRJNA672949","GCA_015475955.1","Complete",2.53829,51.9578,"chromosome:NZ_CP064326.1/CP064326.1; plasmid pXF-Riv5:NZ_CP064327.1/CP064327.1",,2,2134,"2020-11-15T00:00:00Z","ftp://ftp.ncbi.nlm.nih.gov/genomes/all/GCA/015/475/955/GCA_015475955.1_ASM1547595v1","ftp://ftp.ncbi.nlm.nih.gov/genomes/all/GCF/015/475/955/GCF_015475955.1_ASM1547595v1"
"Xylella fastidiosa subsp. multiplex","Bacteria;Proteobacteria;Gammaproteobacteria","AlmaEM3","SAMN18677605","PRJNA720706","GCA_018069645.1","Complete",2.48745,51.8,"chromosome:NZ_CP072933.1/CP072933.1",,1,2079,"2021-04-18T00:00:00Z","ftp://ftp.ncbi.nlm.nih.gov/genomes/all/GCA/018/069/645/GCA_018069645.1_ASM1806964v1","ftp://ftp.ncbi.nlm.nih.gov/genomes/all/GCF/018/069/645/GCF_018069645.1_ASM1806964v1"
"Xylella fastidiosa subsp. multiplex","Bacteria;Proteobacteria;Gammaproteobacteria","Red Oak 2","SAMN16582182","PRJNA672949","GCA_015475935.1","Complete",2.47645,51.9,"chromosome:NZ_CP064325.1/CP064325.1",,1,2068,"2020-11-15T00:00:00Z","ftp://ftp.ncbi.nlm.nih.gov/genomes/all/GCA/015/475/935/GCA_015475935.1_ASM1547593v1","ftp://ftp.ncbi.nlm.nih.gov/genomes/all/GCF/015/475/935/GCF_015475935.1_ASM1547593v1"
"Xylella fastidiosa subsp. multiplex","Bacteria;Proteobacteria;Gammaproteobacteria","Red Oak 8","SAMN24371050","PRJNA672949","GCA_021459885.1","Complete",2.47644,51.9,"chromosome:NZ_CP090513.1/CP090513.1",,1,2066,"2022-01-13T00:00:00Z","ftp://ftp.ncbi.nlm.nih.gov/genomes/all/GCA/021/459/885/GCA_021459885.1_ASM2145988v1","ftp://ftp.ncbi.nlm.nih.gov/genomes/all/GCF/021/459/885/GCF_021459885.1_ASM2145988v1"
"Xylella fastidiosa subsp. pauca","Bacteria;Proteobacteria;Gammaproteobacteria","De Donno","SAMN06765826","PRJNA383475","GCA_002117875.1","Complete",2.54374,51.9667,"chromosome:NZ_CP020870.1/CP020870.1; plasmid pXF-De_Donno:NZ_CP020871.1/CP020871.1",,2,2191,"2017-05-04T00:00:00Z",,"ftp://ftp.ncbi.nlm.nih.gov/genomes/all/GCF/002/117/875/GCF_002117875.1_ASM211787v1"
"Xylella fastidiosa 9a5c","Bacteria;Proteobacteria;Gammaproteobacteria","9a5c","SAMN02603773","PRJNA271","GCA_000006725.1","Complete",2.73175,52.6433,"chromosome:NC_002488.3/AE003849.1; plasmid pXF1.3:NC_002489.3/AE003850.3; plasmid pXF51:NC_002490.1/AE003851.1",,3,2376,"2000-06-02T00:00:00Z","ftp://ftp.ncbi.nlm.nih.gov/genomes/all/GCA/000/006/725/GCA_000006725.1_ASM672v1","ftp://ftp.ncbi.nlm.nih.gov/genomes/all/GCF/000/006/725/GCF_000006725.1_ASM672v1"
"Xylella fastidiosa subsp. sandyi Ann-1","Bacteria;Proteobacteria;Gammaproteobacteria","Ann-1","SAMN03081476","PRJNA179546","GCA_000698805.1","Complete",2.78091,52.0717,"chromosome:NZ_CP006696.1/CP006696.1; plasmid unnamed1:NZ_CP006697.1/CP006697.1",,2,2518,"2014-06-06T00:00:00Z","ftp://ftp.ncbi.nlm.nih.gov/genomes/all/GCA/000/698/805/GCA_000698805.1_ASM69880v1","ftp://ftp.ncbi.nlm.nih.gov/genomes/all/GCF/000/698/805/GCF_000698805.1_ASM69880v1"
"Xylella fastidiosa subsp. sandyi","Bacteria;Proteobacteria;Gammaproteobacteria","OC8","SAMN24371056","PRJNA672949","GCA_021474225.1","Complete",2.78661,52.0717,"chromosome:NZ_CP090547.1/CP090547.1; plasmid pXF30-OC8:NZ_CP090548.1/CP090548.1",,2,2515,"2022-01-15T00:00:00Z","ftp://ftp.ncbi.nlm.nih.gov/genomes/all/GCA/021/474/225/GCA_021474225.1_ASM2147422v1","ftp://ftp.ncbi.nlm.nih.gov/genomes/all/GCF/021/474/225/GCF_021474225.1_ASM2147422v1"
"Xylella fastidiosa MUL0034","Bacteria;Proteobacteria;Gammaproteobacteria","MUL0034","SAMN03081485","PRJNA217686","GCA_000698825.1","Complete",2.66658,51.9726,"chromosome:NZ_CP006740.1/CP006740.1; plasmid unnamed2:NZ_CP006739.1/CP006739.1",,2,2357,"2014-06-06T00:00:00Z","ftp://ftp.ncbi.nlm.nih.gov/genomes/all/GCA/000/698/825/GCA_000698825.1_ASM69882v1","ftp://ftp.ncbi.nlm.nih.gov/genomes/all/GCF/000/698/825/GCF_000698825.1_ASM69882v1"
"Xylella fastidiosa subsp. morus","Bacteria;Proteobacteria;Gammaproteobacteria","Riv16","SAMN16582181","PRJNA672949","GCA_021398655.1","Complete",2.63823,51.8734,"chromosome:NZ_CP090316.1/CP090316.1; plasmid pXF1.3-Riv16:NZ_CP090318.1/CP090318.1; plasmid pXF-Riv16:NZ_CP090317.1/CP090317.1",,3,2304,"2022-01-10T00:00:00Z","ftp://ftp.ncbi.nlm.nih.gov/genomes/all/GCA/021/398/655/GCA_021398655.1_ASM2139865v1","ftp://ftp.ncbi.nlm.nih.gov/genomes/all/GCF/021/398/655/GCF_021398655.1_ASM2139865v1"
"Xylella fastidiosa subsp. morus","Bacteria;Proteobacteria;Gammaproteobacteria","Riv11","SAMN24371053","PRJNA672949","GCA_021459865.1","Complete",2.63663,51.8724,"chromosome:NZ_CP090508.1/CP090508.1; plasmid pXF-Riv11:NZ_CP090509.1/CP090509.1",,2,2306,"2022-01-13T00:00:00Z","ftp://ftp.ncbi.nlm.nih.gov/genomes/all/GCA/021/459/865/GCA_021459865.1_ASM2145986v1","ftp://ftp.ncbi.nlm.nih.gov/genomes/all/GCF/021/459/865/GCF_021459865.1_ASM2145986v1"
"Xylella fastidiosa subsp. morus","Bacteria;Proteobacteria;Gammaproteobacteria","Riv25","SAMN24371055","PRJNA672949","GCA_021459825.1","Complete",2.63081,51.8731,"chromosome:NZ_CP090504.1/CP090504.1; plasmid pXF-Riv25:NZ_CP090505.1/CP090505.1",,2,2303,"2022-01-13T00:00:00Z","ftp://ftp.ncbi.nlm.nih.gov/genomes/all/GCA/021/459/825/GCA_021459825.1_ASM2145982v1","ftp://ftp.ncbi.nlm.nih.gov/genomes/all/GCF/021/459/825/GCF_021459825.1_ASM2145982v1"
"Xylella fastidiosa subsp. morus","Bacteria;Proteobacteria;Gammaproteobacteria","Riv19","SAMN24371054","PRJNA672949","GCA_021459805.1","Complete",2.63064,51.8731,"chromosome:NZ_CP090506.1/CP090506.1; plasmid pXF-Riv19:NZ_CP090507.1/CP090507.1",,2,2292,"2022-01-13T00:00:00Z","ftp://ftp.ncbi.nlm.nih.gov/genomes/all/GCA/021/459/805/GCA_021459805.1_ASM2145980v1","ftp://ftp.ncbi.nlm.nih.gov/genomes/all/GCF/021/459/805/GCF_021459805.1_ASM2145980v1"
"Xylella fastidiosa M23","Bacteria;Proteobacteria;Gammaproteobacteria","M23","SAMN02598408","PRJNA18457","GCA_000019765.1","Complete",2.57399,51.7613,"chromosome:NC_010577.1/CP001011.1; plasmid pXFAS01:NC_010579.1/CP001012.1",,2,2200,"2008-04-11T00:00:00Z","ftp://ftp.ncbi.nlm.nih.gov/genomes/all/GCA/000/019/765/GCA_000019765.1_ASM1976v1","ftp://ftp.ncbi.nlm.nih.gov/genomes/all/GCF/000/019/765/GCF_000019765.1_ASM1976v1"
"Xylella fastidiosa M12","Bacteria;Proteobacteria;Gammaproteobacteria","M12","SAMN02598402","PRJNA17823","GCA_000019325.1","Complete",2.47513,51.9,"chromosome:NC_010513.1/CP000941.1",,1,2070,"2008-02-19T00:00:00Z","ftp://ftp.ncbi.nlm.nih.gov/genomes/all/GCA/000/019/325/GCA_000019325.1_ASM1932v1","ftp://ftp.ncbi.nlm.nih.gov/genomes/all/GCF/000/019/325/GCF_000019325.1_ASM1932v1"
"Xylella fastidiosa","Bacteria;Proteobacteria;Gammaproteobacteria","ATCC 35879","SAMN02997312","PRJNA258391","GCA_000767565.1","Contig",2.52233,51.8,,"JQAP01",16,2141,"2014-10-21T00:00:00Z","ftp://ftp.ncbi.nlm.nih.gov/genomes/all/GCA/000/767/565/GCA_000767565.1_ASM76756v1","ftp://ftp.ncbi.nlm.nih.gov/genomes/all/GCF/000/767/565/GCF_000767565.1_ASM76756v1"
"Xylella fastidiosa","Bacteria;Proteobacteria;Gammaproteobacteria","DSM 10026","SAMN05660380","PRJEB18221","GCA_900129695.1","Scaffold",2.43165,51.4,,"FQWN01",63,2078,"2016-12-02T00:00:00Z","ftp://ftp.ncbi.nlm.nih.gov/genomes/all/GCA/900/129/695/GCA_900129695.1_IMG-taxon_2595698223_annotated_assembly","ftp://ftp.ncbi.nlm.nih.gov/genomes/all/GCF/900/129/695/GCF_900129695.1_IMG-taxon_2595698223_annotated_assembly"
"Xylella fastidiosa subsp. multiplex ATCC 35871","Bacteria;Proteobacteria;Gammaproteobacteria","ATCC 35871","SAMN02441559","PRJNA183054","GCA_000428665.1","Scaffold",2.41626,51.7,,"AUAJ01",58,2010,"2013-07-15T00:00:00Z","ftp://ftp.ncbi.nlm.nih.gov/genomes/all/GCA/000/428/665/GCA_000428665.1_ASM42866v1","ftp://ftp.ncbi.nlm.nih.gov/genomes/all/GCF/000/428/665/GCF_000428665.1_ASM42866v1"
"Xylella fastidiosa","Bacteria;Proteobacteria;Gammaproteobacteria","CoDiRO","SAMN03247589","PRJNA269016","GCA_000811965.1","Contig",2.54293,51.9667,"plasmid unnamed:NZ_CM003178.1/CM003178.1","JUJW01",12,2177,"2014-12-29T00:00:00Z","ftp://ftp.ncbi.nlm.nih.gov/genomes/all/GCA/000/811/965/GCA_000811965.1_ASM81196v1","ftp://ftp.ncbi.nlm.nih.gov/genomes/all/GCF/000/811/965/GCF_000811965.1_ASM81196v1"
"Xylella fastidiosa","Bacteria;Proteobacteria;Gammaproteobacteria","AlmaEM3","SAMN08537149","PRJNA433735","GCA_006369915.1","Scaffold",2.47995,51.7,,"PUIY01",30,2107,"2019-06-17T00:00:00Z",,"ftp://ftp.ncbi.nlm.nih.gov/genomes/all/GCF/006/369/915/GCF_006369915.1_ASM636991v1"
"Xylella fastidiosa","Bacteria;Proteobacteria;Gammaproteobacteria","OLS0478","SAMN03862124","PRJNA257008","GCA_001549755.1","Contig",2.55541,51.919,"plasmid pXF-P1.OLS0478:NZ_CM003752.1/CM003752.1; plasmid pXF-P4.OLS0478:NZ_CM003753.1/CM003753.1","LRVI01",48,2231,"2016-02-05T00:00:00Z",,"ftp://ftp.ncbi.nlm.nih.gov/genomes/all/GCF/001/549/755/GCF_001549755.1_XFAS005-SEQ-1-ASM-1"
"Xylella fastidiosa","Bacteria;Proteobacteria;Gammaproteobacteria","WM1-1","SAMN08537137","PRJNA433735","GCA_006370215.1","Contig",2.47003,51.6,,"PUJK01",34,2131,"2019-06-17T00:00:00Z",,"ftp://ftp.ncbi.nlm.nih.gov/genomes/all/GCF/006/370/215/GCF_006370215.1_ASM637021v1"
"Xylella fastidiosa","Bacteria;Proteobacteria;Gammaproteobacteria","CO33","SAMN04100274","PRJNA296551","GCA_001417925.1","Contig",2.68193,51.7,,"LJZW01",96,2345,"2015-10-28T00:00:00Z",,"ftp://ftp.ncbi.nlm.nih.gov/genomes/all/GCF/001/417/925/GCF_001417925.1_ASM141792v1"
"Xylella fastidiosa","Bacteria;Proteobacteria;Gammaproteobacteria","CVC0251","SAMN03862120","PRJNA257008","GCA_001549765.1","Contig",2.74025,52.5118,"plasmid pXF-P1.CVC0251:NZ_CM003755.1/CM003755.1; plasmid pXF-P4.CVC0251:NZ_CM003756.1/CM003756.1; plasmid pXF-BHR.CVC0251:NZ_CM003754.1/CM003754.1; plasmid pXF-PS.CVC0251:NZ_CM003757.1/CM003757.1","LRVE01",130,2419,"2016-02-05T00:00:00Z",,"ftp://ftp.ncbi.nlm.nih.gov/genomes/all/GCF/001/549/765/GCF_001549765.1_XFAS001-SEQ-2-ASM-1"
"Xylella fastidiosa","Bacteria;Proteobacteria;Gammaproteobacteria","TemL(NS1pglA)Rec1","SAMN08537141","PRJNA433735","GCA_006370085.1","Scaffold",2.52526,51.5,,"PUJG01",124,2206,"2019-06-17T00:00:00Z",,"ftp://ftp.ncbi.nlm.nih.gov/genomes/all/GCF/006/370/085/GCF_006370085.1_ASM637008v1"
"Xylella fastidiosa","Bacteria;Proteobacteria;Gammaproteobacteria","WM1-1(GFP)Rec2","SAMN08537143","PRJNA433735","GCA_006370055.1","Scaffold",2.45248,51.5,,"PUJE01",125,2150,"2019-06-17T00:00:00Z",,"ftp://ftp.ncbi.nlm.nih.gov/genomes/all/GCF/006/370/055/GCF_006370055.1_ASM637005v1"
"Xylella fastidiosa","Bacteria;Proteobacteria;Gammaproteobacteria","WM1-1(GFP)Rec1","SAMN08537144","PRJNA433735","GCA_006370035.1","Scaffold",2.44813,51.5,,"PUJD01",105,2150,"2019-06-17T00:00:00Z",,"ftp://ftp.ncbi.nlm.nih.gov/genomes/all/GCF/006/370/035/GCF_006370035.1_ASM637003v1"
"Xylella fastidiosa","Bacteria;Proteobacteria;Gammaproteobacteria","sycamore Sy-VA","SAMN02709772","PRJNA242875","GCA_000732705.1","Contig",2.47588,51.6,,"JMHP01",128,2127,"2014-07-22T00:00:00Z","ftp://ftp.ncbi.nlm.nih.gov/genomes/all/GCA/000/732/705/GCA_000732705.1_ASM73270v1","ftp://ftp.ncbi.nlm.nih.gov/genomes/all/GCF/000/732/705/GCF_000732705.1_ASM73270v1"
"Xylella fastidiosa","Bacteria;Proteobacteria;Gammaproteobacteria","CVC0256","SAMN03862121","PRJNA257008","GCA_001549745.1","Contig",2.70214,52.5105,"plasmid pXF-P1.CVC0256:NZ_CM003749.1/CM003749.1; plasmid pXF-P4.CVC0256:NZ_CM003750.1/CM003750.1; plasmid pXF-BHR.CVC0256:NZ_CM003748.1/CM003748.1; plasmid pXF-PS.CVC0256:NZ_CM003751.1/CM003751.1","LRVF01",128,2408,"2016-02-05T00:00:00Z",,"ftp://ftp.ncbi.nlm.nih.gov/genomes/all/GCF/001/549/745/GCF_001549745.1_XFAS002-SEQ-2-ASM-1"
"Xylella fastidiosa","Bacteria;Proteobacteria;Gammaproteobacteria","TemL(Alma)Rec1","SAMN08537151","PRJNA433735","GCA_006369895.1","Scaffold",2.52266,51.5,,"PUIW01",120,2212,"2019-06-17T00:00:00Z",,"ftp://ftp.ncbi.nlm.nih.gov/genomes/all/GCF/006/369/895/GCF_006369895.1_ASM636989v1"
"Xylella fastidiosa","Bacteria;Proteobacteria;Gammaproteobacteria","XRB","SAMN03217286","PRJNA268232","GCA_013283695.1","Scaffold",2.71464,52.5,,"JTGF01",74,2379,"2020-06-06T00:00:00Z","ftp://ftp.ncbi.nlm.nih.gov/genomes/all/GCA/013/283/695/GCA_013283695.1_ASM1328369v1","ftp://ftp.ncbi.nlm.nih.gov/genomes/all/GCF/013/283/695/GCF_013283695.1_ASM1328369v1"
"Xylella fastidiosa","Bacteria;Proteobacteria;Gammaproteobacteria","OK3","SAMN14675133","PRJNA627531","GCA_012952085.1","Scaffold",2.41539,51.5,,"JABCJH01",54,2053,"2020-05-02T00:00:00Z","ftp://ftp.ncbi.nlm.nih.gov/genomes/all/GCA/012/952/085/GCA_012952085.1_ASM1295208v1","ftp://ftp.ncbi.nlm.nih.gov/genomes/all/GCF/012/952/085/GCF_012952085.1_ASM1295208v1"
"Xylella fastidiosa","Bacteria;Proteobacteria;Gammaproteobacteria","B111","SAMN03216857","PRJNA268224","GCA_013283685.1","Scaffold",2.68228,52.414,"plasmid pXF27b1:NZ_JWJX01000023.1/; plasmid pXF51b1:NZ_JWJX01000017.1/","JWJX01",77,2348,"2020-06-06T00:00:00Z","ftp://ftp.ncbi.nlm.nih.gov/genomes/all/GCA/013/283/685/GCA_013283685.1_ASM1328368v1","ftp://ftp.ncbi.nlm.nih.gov/genomes/all/GCF/013/283/685/GCF_013283685.2_ASM1328368v1"
"Xylella fastidiosa","Bacteria;Proteobacteria;Gammaproteobacteria","TemL(Alma)Rec2","SAMN08537150","PRJNA433735","GCA_006369905.1","Scaffold",2.65443,51.1,,"PUIX01",313,2317,"2019-06-17T00:00:00Z",,"ftp://ftp.ncbi.nlm.nih.gov/genomes/all/GCF/006/369/905/GCF_006369905.1_ASM636990v1"
"Xylella fastidiosa","Bacteria;Proteobacteria;Gammaproteobacteria","KLN59.3(GFP)(Temecula1)","SAMN08537145","PRJNA433735","GCA_006369995.1","Contig",2.45975,51.6,,"PUJC01",117,2132,"2019-06-17T00:00:00Z",,"ftp://ftp.ncbi.nlm.nih.gov/genomes/all/GCF/006/369/995/GCF_006369995.1_ASM636999v1"
"Xylella fastidiosa","Bacteria;Proteobacteria;Gammaproteobacteria","ATCC 35873","SAMN02709775","PRJNA242876","GCA_023970635.1","Contig",2.45422,51.7,,"JJOI01",174,1538,"2022-06-28T00:00:00Z","ftp://ftp.ncbi.nlm.nih.gov/genomes/all/GCA/023/970/635/GCA_023970635.1_ASM2397063v1","ftp://ftp.ncbi.nlm.nih.gov/genomes/all/GCF/023/970/635/GCF_023970635.1_ASM2397063v1"
"Xylella fastidiosa","Bacteria;Proteobacteria;Gammaproteobacteria","COF0324","SAMN03862122","PRJNA257008","GCA_001549815.1","Contig",2.77256,52.432,"plasmid pXF-P1.COF0324:NZ_CM003759.1/CM003759.1; plasmid pXF-BHR-COF0324:NZ_CM003758.1/CM003758.1; plasmid pXF-PC_CFO0324:NZ_CM003760.1/CM003760.1; plasmid pXF-RC.COF0324:NZ_CM003761.1/CM003761.1","LRVG01",143,2514,"2016-02-05T00:00:00Z",,"ftp://ftp.ncbi.nlm.nih.gov/genomes/all/GCF/001/549/815/GCF_001549815.1_XFAS003-SEQ-2-ASM-1"
"Xylella fastidiosa","Bacteria;Proteobacteria;Gammaproteobacteria","Temecula1Star","SAMN08537139","PRJNA433735","GCA_006370185.1","Contig",2.45467,51.6,,"PUJI01",113,2128,"2019-06-17T00:00:00Z",,"ftp://ftp.ncbi.nlm.nih.gov/genomes/all/GCF/006/370/185/GCF_006370185.1_ASM637018v1"
"Xylella fastidiosa","Bacteria;Proteobacteria;Gammaproteobacteria","VB11","SAMN14675134","PRJNA627531","GCA_012952095.1","Scaffold",2.444,51.4,,"JABCJI01",75,2076,"2020-05-02T00:00:00Z","ftp://ftp.ncbi.nlm.nih.gov/genomes/all/GCA/012/952/095/GCA_012952095.1_ASM1295209v1","ftp://ftp.ncbi.nlm.nih.gov/genomes/all/GCF/012/952/095/GCF_012952095.1_ASM1295209v1"
"Xylella fastidiosa","Bacteria;Proteobacteria;Gammaproteobacteria","pglA-KmR(Fetzer)","SAMN08537140","PRJNA433735","GCA_006370115.1","Scaffold",2.48817,51.5,,"PUJH01",146,2170,"2019-06-17T00:00:00Z",,"ftp://ftp.ncbi.nlm.nih.gov/genomes/all/GCF/006/370/115/GCF_006370115.1_ASM637011v1"
"Xylella fastidiosa","Bacteria;Proteobacteria;Gammaproteobacteria","BB01","SAMN05982167","PRJNA352544","GCA_001886315.1","Scaffold",2.51152,51.8,,"MPAZ01",83,2160,"2016-11-25T00:00:00Z",,"ftp://ftp.ncbi.nlm.nih.gov/genomes/all/GCF/001/886/315/GCF_001886315.1_BB01"
"Xylella fastidiosa","Bacteria;Proteobacteria;Gammaproteobacteria","TemeculaL","SAMN08537138","PRJNA433735","GCA_006370155.1","Scaffold",2.53654,51.5,,"PUJJ01",162,2209,"2019-06-17T00:00:00Z",,"ftp://ftp.ncbi.nlm.nih.gov/genomes/all/GCF/006/370/155/GCF_006370155.1_ASM637015v1"
"Xylella fastidiosa","Bacteria;Proteobacteria;Gammaproteobacteria","NOB1","SAMN14675132","PRJNA627531","GCA_012952075.1","Scaffold",2.41856,51.5,,"JABCJG01",53,2053,"2020-05-02T00:00:00Z","ftp://ftp.ncbi.nlm.nih.gov/genomes/all/GCA/012/952/075/GCA_012952075.1_ASM1295207v1","ftp://ftp.ncbi.nlm.nih.gov/genomes/all/GCF/012/952/075/GCF_012952075.1_ASM1295207v1"
"Xylella fastidiosa","Bacteria;Proteobacteria;Gammaproteobacteria","OLS0479","SAMN03862123","PRJNA257008","GCA_001549735.1","Contig",2.53996,51.9302,"plasmid pXF-P1.COF0407:NZ_CM003743.1/CM003743.1; plasmid pXF-P4.COF0407:NZ_CM003744.1/CM003744.1; plasmid pXF-PS.COF0407:NZ_CM003745.1/CM003745.1; plasmid pXF-RC.COF0407:NZ_CM003746.1/CM003746.1","LRVH01",183,2237,"2016-02-05T00:00:00Z",,"ftp://ftp.ncbi.nlm.nih.gov/genomes/all/GCF/001/549/735/GCF_001549735.1_XFAS004-SEQ-2-ASM-1"
"Xylella fastidiosa","Bacteria;Proteobacteria;Gammaproteobacteria","CFBP8073","SAMN04075659","PRJNA295547","GCA_001469395.1","Scaffold",2.58215,51.6,,"LKES01",328,2285,"2015-12-18T00:00:00Z",,"ftp://ftp.ncbi.nlm.nih.gov/genomes/all/GCF/001/469/395/GCF_001469395.1_XYFPCFBP8073"
"Xylella fastidiosa","Bacteria;Proteobacteria;Gammaproteobacteria","COF0407","SAMN03862125","PRJNA257008","GCA_001549825.1","Contig",2.53847,51.8424,"plasmid pXF-P1.OLS0479:NZ_CM003762.1/CM003762.1; plasmid pXF-P4.OLS0479:NZ_CM003763.1/CM003763.1; plasmid pXF-PS.OLS0479:NZ_CM003764.1/CM003764.1; plasmid pXF-RC.OLS0479:NZ_CM003765.1/CM003765.1","LRVJ01",172,2238,"2016-02-05T00:00:00Z",,"ftp://ftp.ncbi.nlm.nih.gov/genomes/all/GCF/001/549/825/GCF_001549825.1_XFAS006-SEQ-1-ASM-1"
"Xylella fastidiosa","Bacteria;Proteobacteria;Gammaproteobacteria","NS1-CmR(TemeculaL)","SAMN08537142","PRJNA433735","GCA_006370045.1","Scaffold",2.5102,51.5,,"PUJF01",254,2209,"2019-06-17T00:00:00Z",,"ftp://ftp.ncbi.nlm.nih.gov/genomes/all/GCF/006/370/045/GCF_006370045.1_ASM637004v1"
"Xylella fastidiosa subsp. fastidiosa","Bacteria;Proteobacteria;Gammaproteobacteria","Stag's Leap","SAMN04485942","PRJNA311586","GCA_001572105.1","Contig",2.5108,51.7,,"LSMJ01",15,2125,"2016-02-24T00:00:00Z",,"ftp://ftp.ncbi.nlm.nih.gov/genomes/all/GCF/001/572/105/GCF_001572105.1_ASM157210v1"
"Xylella fastidiosa subsp. fastidiosa","Bacteria;Proteobacteria;Gammaproteobacteria","GV156","SAMN12541645","PRJNA559432","GCA_009910885.1","Contig",2.52151,51.7,,"VOSD01",17,2150,"2020-01-21T00:00:00Z",,"ftp://ftp.ncbi.nlm.nih.gov/genomes/all/GCF/009/910/885/GCF_009910885.1_ASM991088v1"
"Xylella fastidiosa subsp. multiplex","Bacteria;Proteobacteria;Gammaproteobacteria","TOS14","SAMN11104922","PRJNA526615","GCA_007713995.1","Contig",2.44552,51.7,,"SMTJ01",80,2070,"2019-07-30T00:00:00Z",,"ftp://ftp.ncbi.nlm.nih.gov/genomes/all/GCF/007/713/995/GCF_007713995.1_ASM771399v1"
"Xylella fastidiosa subsp. multiplex","Bacteria;Proteobacteria;Gammaproteobacteria","Alm_Lz_1","SAMN27020516","PRJNA820720","GCA_024257125.1","Scaffold",2.45839,51.7,,"JALHBT01",130,2131,"2022-07-13T00:00:00Z",,"ftp://ftp.ncbi.nlm.nih.gov/genomes/all/GCF/024/257/125/GCF_024257125.1_ASM2425712v1"
"Xylella fastidiosa subsp. multiplex","Bacteria;Proteobacteria;Gammaproteobacteria","TOS4","SAMN11104854","PRJNA526615","GCA_007713905.1","Contig",2.44511,51.7,,"SMTH01",77,2070,"2019-07-30T00:00:00Z",,"ftp://ftp.ncbi.nlm.nih.gov/genomes/all/GCF/007/713/905/GCF_007713905.1_ASM771390v1"
"Xylella fastidiosa subsp. multiplex","Bacteria;Proteobacteria;Gammaproteobacteria","TOS5","SAMN11104883","PRJNA526615","GCA_007713945.1","Contig",2.44387,51.7,,"SMTI01",72,2064,"2019-07-30T00:00:00Z",,"ftp://ftp.ncbi.nlm.nih.gov/genomes/all/GCF/007/713/945/GCF_007713945.1_ASM771394v1"
"Xylella fastidiosa subsp. multiplex","Bacteria;Proteobacteria;Gammaproteobacteria","RAAR6 Butte","SAMN11936022","PRJNA545878","GCA_009695485.1","Contig",2.46623,51.8,,"VDDE01",140,2081,"2019-11-22T00:00:00Z",,"ftp://ftp.ncbi.nlm.nih.gov/genomes/all/GCF/009/695/485/GCF_009695485.1_ASM969548v1"
"Xylella fastidiosa subsp. multiplex","Bacteria;Proteobacteria;Gammaproteobacteria","CFBP8417","SAMN04546482","PRJNA314984","GCA_001971505.1","Contig",2.50498,51.8,,"LUYB01",256,2202,"2017-01-25T00:00:00Z",,"ftp://ftp.ncbi.nlm.nih.gov/genomes/all/GCF/001/971/505/GCF_001971505.1_ASM197150v1"
"Xylella fastidiosa subsp. fastidiosa","Bacteria;Proteobacteria;Gammaproteobacteria","CFBP7969","SAMN07998892","PRJNA417584","GCA_004016275.1","Contig",2.43128,51.5,,"PHFQ01",88,2071,"2019-01-14T00:00:00Z",,"ftp://ftp.ncbi.nlm.nih.gov/genomes/all/GCF/004/016/275/GCF_004016275.1_ASM401627v1"
"Xylella fastidiosa subsp. fastidiosa","Bacteria;Proteobacteria;Gammaproteobacteria","CFBP8071","SAMN07998881","PRJNA417582","GCA_004016295.1","Contig",2.48429,51.5,,"PHFP01",100,2126,"2019-01-14T00:00:00Z",,"ftp://ftp.ncbi.nlm.nih.gov/genomes/all/GCF/004/016/295/GCF_004016295.1_ASM401629v1"
"Xylella fastidiosa subsp. fastidiosa","Bacteria;Proteobacteria;Gammaproteobacteria","CFBP7970","SAMN07998897","PRJNA417585","GCA_004016315.1","Contig",2.48833,51.5,,"PHFR01",92,2141,"2019-01-14T00:00:00Z",,"ftp://ftp.ncbi.nlm.nih.gov/genomes/all/GCF/004/016/315/GCF_004016315.1_ASM401631v1"
"Xylella fastidiosa subsp. fastidiosa","Bacteria;Proteobacteria;Gammaproteobacteria","CFBP8082","SAMN07999361","PRJNA417587","GCA_004016375.1","Contig",2.52668,51.5,,"PHFT01",117,2213,"2019-01-14T00:00:00Z",,"ftp://ftp.ncbi.nlm.nih.gov/genomes/all/GCF/004/016/375/GCF_004016375.1_ASM401637v1"
"Xylella fastidiosa subsp. fastidiosa","Bacteria;Proteobacteria;Gammaproteobacteria","CFBP8351","SAMN07999362","PRJNA417588","GCA_004016405.1","Contig",2.47375,51.5,,"PHFU01",92,2127,"2019-01-14T00:00:00Z",,"ftp://ftp.ncbi.nlm.nih.gov/genomes/all/GCF/004/016/405/GCF_004016405.1_ASM401640v1"
"Xylella fastidiosa subsp. multiplex","Bacteria;Proteobacteria;Gammaproteobacteria","IAS-AXF-235T10","SAMN11881272","PRJNA544690","GCA_009669465.1","Contig",2.55021,51.7,,"VCQO01",432,2200,"2019-11-18T00:00:00Z",,"ftp://ftp.ncbi.nlm.nih.gov/genomes/all/GCF/009/669/465/GCF_009669465.1_ASM966946v1"
"Xylella fastidiosa subsp. multiplex","Bacteria;Proteobacteria;Gammaproteobacteria","IAS-AXF212H7","SAMN11878160","PRJNA544690","GCA_009669445.1","Contig",2.52254,51.8,,"VCPQ01",336,2166,"2019-11-18T00:00:00Z",,"ftp://ftp.ncbi.nlm.nih.gov/genomes/all/GCF/009/669/445/GCF_009669445.1_ASM966944v1"
"Xylella fastidiosa subsp. multiplex","Bacteria;Proteobacteria;Gammaproteobacteria","ESVL","SAMN09703576","PRJNA482360","GCA_004023385.1","Contig",2.5545,51.8202,"plasmid pUCLA-ESVL:NZ_CM013391.1/CM013391.1; plasmid pXF64-Hb_ESVL:NZ_CM013392.1/CM013392.1","QPQV01",133,2182,"2019-01-15T00:00:00Z",,"ftp://ftp.ncbi.nlm.nih.gov/genomes/all/GCF/004/023/385/GCF_004023385.1_ASM402338v1"
"Xylella fastidiosa subsp. multiplex","Bacteria;Proteobacteria;Gammaproteobacteria","IVIA6903","SAMN11867883","PRJNA544690","GCA_009669425.1","Contig",2.60283,52.1,,"VCPP01",534,2308,"2019-11-18T00:00:00Z",,"ftp://ftp.ncbi.nlm.nih.gov/genomes/all/GCF/009/669/425/GCF_009669425.1_ASM966942v1"
"Xylella fastidiosa subsp. multiplex","Bacteria;Proteobacteria;Gammaproteobacteria","XF3348","SAMN11891224","PRJNA544690","GCA_009669515.1","Contig",2.5734,51.8,,"VDCL01",392,2240,"2019-11-18T00:00:00Z",,"ftp://ftp.ncbi.nlm.nih.gov/genomes/all/GCF/009/669/515/GCF_009669515.1_ASM966951v1"
"Xylella fastidiosa subsp. multiplex","Bacteria;Proteobacteria;Gammaproteobacteria","Ma185","SAMN19067403","PRJNA728043","GCA_018449105.1","Contig",2.41261,51.7,,"JAHCMO01",82,2014,"2021-05-23T00:00:00Z","ftp://ftp.ncbi.nlm.nih.gov/genomes/all/GCA/018/449/105/GCA_018449105.1_ASM1844910v1","ftp://ftp.ncbi.nlm.nih.gov/genomes/all/GCF/018/449/105/GCF_018449105.1_ASM1844910v1"
"Xylella fastidiosa subsp. multiplex","Bacteria;Proteobacteria;Gammaproteobacteria","Ma29","SAMN19067401","PRJNA728043","GCA_018449135.1","Contig",2.4269,51.7,,"JAHCMQ01",89,2019,"2021-05-23T00:00:00Z","ftp://ftp.ncbi.nlm.nih.gov/genomes/all/GCA/018/449/135/GCA_018449135.1_ASM1844913v1","ftp://ftp.ncbi.nlm.nih.gov/genomes/all/GCF/018/449/135/GCF_018449135.1_ASM1844913v1"
"Xylella fastidiosa subsp. multiplex","Bacteria;Proteobacteria;Gammaproteobacteria","Ma26","SAMN19067400","PRJNA728043","GCA_018449175.1","Contig",2.41293,51.7,,"JAHCMR01",81,2012,"2021-05-23T00:00:00Z","ftp://ftp.ncbi.nlm.nih.gov/genomes/all/GCA/018/449/175/GCA_018449175.1_ASM1844917v1","ftp://ftp.ncbi.nlm.nih.gov/genomes/all/GCF/018/449/175/GCF_018449175.1_ASM1844917v1"
"Xylella fastidiosa subsp. multiplex","Bacteria;Proteobacteria;Gammaproteobacteria","Ma151","SAMN19067402","PRJNA728043","GCA_018449095.1","Contig",2.41621,51.7,,"JAHCMP01",100,2022,"2021-05-23T00:00:00Z","ftp://ftp.ncbi.nlm.nih.gov/genomes/all/GCA/018/449/095/GCA_018449095.1_ASM1844909v1","ftp://ftp.ncbi.nlm.nih.gov/genomes/all/GCF/018/449/095/GCF_018449095.1_ASM1844909v1"
"Xylella fastidiosa subsp. multiplex","Bacteria;Proteobacteria;Gammaproteobacteria","IVIA6731","SAMN11866310","PRJNA544690","GCA_009669375.1","Contig",2.59889,51.9,,"VCPN01",422,2262,"2019-11-18T00:00:00Z",,"ftp://ftp.ncbi.nlm.nih.gov/genomes/all/GCF/009/669/375/GCF_009669375.1_ASM966937v1"
"Xylella fastidiosa subsp. fastidiosa","Bacteria;Proteobacteria;Gammaproteobacteria","RAAR10_CV17-3","SAMN26366572","PRJNA812033","GCA_022836675.1","Contig",2.50439,51.5,,"JAKXMP01",200,2162,"2022-03-28T00:00:00Z","ftp://ftp.ncbi.nlm.nih.gov/genomes/all/GCA/022/836/675/GCA_022836675.1_ASM2283667v1","ftp://ftp.ncbi.nlm.nih.gov/genomes/all/GCF/022/836/675/GCF_022836675.1_ASM2283667v1"
"Xylella fastidiosa subsp. fastidiosa","Bacteria;Proteobacteria;Gammaproteobacteria","RAAR7_Conn Creek","SAMN26366570","PRJNA812033","GCA_022836775.1","Contig",2.48175,51.5,,"JAKXMR01",197,2147,"2022-03-28T00:00:00Z","ftp://ftp.ncbi.nlm.nih.gov/genomes/all/GCA/022/836/775/GCA_022836775.1_ASM2283677v1","ftp://ftp.ncbi.nlm.nih.gov/genomes/all/GCF/022/836/775/GCF_022836775.1_ASM2283677v1"
"Xylella fastidiosa subsp. multiplex","Bacteria;Proteobacteria;Gammaproteobacteria","XYL1752","SAMN11891208","PRJNA544690","GCA_009669505.1","Contig",2.57938,51.8,,"VDCK01",422,2245,"2019-11-18T00:00:00Z",,"ftp://ftp.ncbi.nlm.nih.gov/genomes/all/GCF/009/669/505/GCF_009669505.1_ASM966950v1"
"Xylella fastidiosa subsp. fastidiosa","Bacteria;Proteobacteria;Gammaproteobacteria","XYL2153/18","SAMN14052541","PRJNA605229","GCA_014856785.1","Scaffold",2.48499,51.5,,"JAAGVL01",100,2132,"2020-10-06T00:00:00Z","ftp://ftp.ncbi.nlm.nih.gov/genomes/all/GCA/014/856/785/GCA_014856785.1_ASM1485678v1","ftp://ftp.ncbi.nlm.nih.gov/genomes/all/GCF/014/856/785/GCF_014856785.1_ASM1485678v1"
"Xylella fastidiosa subsp. fastidiosa","Bacteria;Proteobacteria;Gammaproteobacteria","XYL2107/18","SAMN14052539","PRJNA605228","GCA_014856795.1","Scaffold",2.48345,51.5,,"JAAGVK01",100,2130,"2020-10-06T00:00:00Z","ftp://ftp.ncbi.nlm.nih.gov/genomes/all/GCA/014/856/795/GCA_014856795.1_ASM1485679v1","ftp://ftp.ncbi.nlm.nih.gov/genomes/all/GCF/014/856/795/GCF_014856795.1_ASM1485679v1"
"Xylella fastidiosa subsp. fastidiosa","Bacteria;Proteobacteria;Gammaproteobacteria","XYL2400/18","SAMN14052552","PRJNA605231","GCA_014856845.1","Scaffold",2.48636,51.5,,"JAAGVN01",104,2142,"2020-10-06T00:00:00Z","ftp://ftp.ncbi.nlm.nih.gov/genomes/all/GCA/014/856/845/GCA_014856845.1_ASM1485684v1","ftp://ftp.ncbi.nlm.nih.gov/genomes/all/GCF/014/856/845/GCF_014856845.1_ASM1485684v1"
"Xylella fastidiosa subsp. fastidiosa","Bacteria;Proteobacteria;Gammaproteobacteria","XYL2106/18","SAMN14052529","PRJNA605227","GCA_014856775.1","Scaffold",2.48494,51.5,,"JAAGVJ01",106,2128,"2020-10-06T00:00:00Z","ftp://ftp.ncbi.nlm.nih.gov/genomes/all/GCA/014/856/775/GCA_014856775.1_ASM1485677v1","ftp://ftp.ncbi.nlm.nih.gov/genomes/all/GCF/014/856/775/GCF_014856775.1_ASM1485677v1"
"Xylella fastidiosa subsp. multiplex","Bacteria;Proteobacteria;Gammaproteobacteria","XYL1981","SAMN11891201","PRJNA544690","GCA_009669455.1","Contig",2.55451,51.8,,"VDCJ01",353,2217,"2019-11-18T00:00:00Z",,"ftp://ftp.ncbi.nlm.nih.gov/genomes/all/GCF/009/669/455/GCF_009669455.1_ASM966945v1"
"Xylella fastidiosa subsp. multiplex","Bacteria;Proteobacteria;Gammaproteobacteria","IVIA6586-2","SAMN11849688","PRJNA544690","GCA_009669335.1","Contig",2.57816,51.8,,"VDCM01",341,2210,"2019-11-18T00:00:00Z",,"ftp://ftp.ncbi.nlm.nih.gov/genomes/all/GCF/009/669/335/GCF_009669335.1_ASM966933v1"
"Xylella fastidiosa subsp. multiplex","Bacteria;Proteobacteria;Gammaproteobacteria","RAAR14 plum327","SAMN11936157","PRJNA545878","GCA_009695495.1","Contig",2.54356,51.6,,"VDDF01",192,2185,"2019-11-22T00:00:00Z",,"ftp://ftp.ncbi.nlm.nih.gov/genomes/all/GCF/009/695/495/GCF_009695495.1_ASM969549v1"
"Xylella fastidiosa subsp. multiplex","Bacteria;Proteobacteria;Gammaproteobacteria","Ma10","SAMN19067399","PRJNA728043","GCA_018449235.1","Contig",2.41526,51.7,,"JAHCMS01",91,2020,"2021-05-23T00:00:00Z","ftp://ftp.ncbi.nlm.nih.gov/genomes/all/GCA/018/449/235/GCA_018449235.1_ASM1844923v1","ftp://ftp.ncbi.nlm.nih.gov/genomes/all/GCF/018/449/235/GCF_018449235.1_ASM1844923v1"
"Xylella fastidiosa subsp. multiplex","Bacteria;Proteobacteria;Gammaproteobacteria","CFBP8418","SAMN04546487","PRJNA314986","GCA_001971465.1","Contig",2.51397,51.9,,"LUYA01",271,2205,"2017-01-25T00:00:00Z",,"ftp://ftp.ncbi.nlm.nih.gov/genomes/all/GCF/001/971/465/GCF_001971465.1_ASM197146v1"
"Xylella fastidiosa subsp. fastidiosa","Bacteria;Proteobacteria;Gammaproteobacteria","XYL1980/18","SAMN14052381","PRJNA605217","GCA_014856695.1","Scaffold",2.48533,51.5,,"JAAGVF01",111,2130,"2020-10-06T00:00:00Z","ftp://ftp.ncbi.nlm.nih.gov/genomes/all/GCA/014/856/695/GCA_014856695.1_ASM1485669v1","ftp://ftp.ncbi.nlm.nih.gov/genomes/all/GCF/014/856/695/GCF_014856695.1_ASM1485669v1"
"Xylella fastidiosa subsp. multiplex","Bacteria;Proteobacteria;Gammaproteobacteria","XYL1968/18","SAMN14052559","PRJNA605238","GCA_014856935.1","Contig",2.51861,51.8,,"JAAGWL01",117,2177,"2020-10-06T00:00:00Z","ftp://ftp.ncbi.nlm.nih.gov/genomes/all/GCA/014/856/935/GCA_014856935.1_ASM1485693v1","ftp://ftp.ncbi.nlm.nih.gov/genomes/all/GCF/014/856/935/GCF_014856935.1_ASM1485693v1"
"Xylella fastidiosa subsp. fastidiosa","Bacteria;Proteobacteria;Gammaproteobacteria","XYL2177/18","SAMN14052551","PRJNA605230","GCA_014856835.1","Scaffold",2.48459,51.5,,"JAAGVM01",100,2138,"2020-10-06T00:00:00Z","ftp://ftp.ncbi.nlm.nih.gov/genomes/all/GCA/014/856/835/GCA_014856835.1_ASM1485683v1","ftp://ftp.ncbi.nlm.nih.gov/genomes/all/GCF/014/856/835/GCF_014856835.1_ASM1485683v1"
"Xylella fastidiosa subsp. multiplex","Bacteria;Proteobacteria;Gammaproteobacteria","XF-3960/18","SAMN14052554","PRJNA605235","GCA_014856905.1","Scaffold",2.51802,51.8,,"JAAGVQ01",116,2175,"2020-10-06T00:00:00Z","ftp://ftp.ncbi.nlm.nih.gov/genomes/all/GCA/014/856/905/GCA_014856905.1_ASM1485690v1","ftp://ftp.ncbi.nlm.nih.gov/genomes/all/GCF/014/856/905/GCF_014856905.1_ASM1485690v1"
"Xylella fastidiosa subsp. multiplex","Bacteria;Proteobacteria;Gammaproteobacteria","CFBP8078","SAMN07999164","PRJNA417586","GCA_004016365.1","Contig",2.59655,51.7,,"PHFS01",190,2263,"2019-01-14T00:00:00Z",,"ftp://ftp.ncbi.nlm.nih.gov/genomes/all/GCF/004/016/365/GCF_004016365.1_ASM401636v1"
"Xylella fastidiosa subsp. fastidiosa","Bacteria;Proteobacteria;Gammaproteobacteria","XYL1978/18","SAMN14008175","PRJNA605017","GCA_014856645.1","Scaffold",2.48429,51.5,,"JAAGVD01",109,2139,"2020-10-06T00:00:00Z","ftp://ftp.ncbi.nlm.nih.gov/genomes/all/GCA/014/856/645/GCA_014856645.1_ASM1485664v1","ftp://ftp.ncbi.nlm.nih.gov/genomes/all/GCF/014/856/645/GCF_014856645.1_ASM1485664v1"
"Xylella fastidiosa subsp. fastidiosa","Bacteria;Proteobacteria;Gammaproteobacteria","XYL2014/18","SAMN14052501","PRJNA605224","GCA_014856685.1","Scaffold",2.48423,51.5,,"JAAGVG01",106,2131,"2020-10-06T00:00:00Z","ftp://ftp.ncbi.nlm.nih.gov/genomes/all/GCA/014/856/685/GCA_014856685.1_ASM1485668v1","ftp://ftp.ncbi.nlm.nih.gov/genomes/all/GCF/014/856/685/GCF_014856685.1_ASM1485668v1"
"Xylella fastidiosa subsp. fastidiosa","Bacteria;Proteobacteria;Gammaproteobacteria","XYL2508/18","SAMN14052553","PRJNA605232","GCA_014856895.1","Scaffold",2.48523,51.5,,"JAAGVP01",106,2134,"2020-10-06T00:00:00Z","ftp://ftp.ncbi.nlm.nih.gov/genomes/all/GCA/014/856/895/GCA_014856895.1_ASM1485689v1","ftp://ftp.ncbi.nlm.nih.gov/genomes/all/GCF/014/856/895/GCF_014856895.1_ASM1485689v1"
"Xylella fastidiosa subsp. fastidiosa","Bacteria;Proteobacteria;Gammaproteobacteria","XYL2093/18","SAMN14052504","PRJNA605226","GCA_014856745.1","Scaffold",2.48622,51.5,,"JAAGVH01",106,2137,"2020-10-06T00:00:00Z","ftp://ftp.ncbi.nlm.nih.gov/genomes/all/GCA/014/856/745/GCA_014856745.1_ASM1485674v1","ftp://ftp.ncbi.nlm.nih.gov/genomes/all/GCF/014/856/745/GCF_014856745.1_ASM1485674v1"
"Xylella fastidiosa subsp. fastidiosa","Bacteria;Proteobacteria;Gammaproteobacteria","XYL2017/18","SAMN14052502","PRJNA605225","GCA_014856735.1","Scaffold",2.48274,51.5,,"JAAGVI01",107,2127,"2020-10-06T00:00:00Z","ftp://ftp.ncbi.nlm.nih.gov/genomes/all/GCA/014/856/735/GCA_014856735.1_ASM1485673v1","ftp://ftp.ncbi.nlm.nih.gov/genomes/all/GCF/014/856/735/GCF_014856735.1_ASM1485673v1"
"Xylella fastidiosa subsp. fastidiosa","Bacteria;Proteobacteria;Gammaproteobacteria","XF-3967/18","SAMN14052556","PRJNA605237","GCA_015102005.1","Scaffold",2.48442,51.5,,"JAAGWM01",113,2133,"2020-10-29T00:00:00Z","ftp://ftp.ncbi.nlm.nih.gov/genomes/all/GCA/015/102/005/GCA_015102005.1_ASM1510200v1","ftp://ftp.ncbi.nlm.nih.gov/genomes/all/GCF/015/102/005/GCF_015102005.1_ASM1510200v1"
"Xylella fastidiosa subsp. multiplex","Bacteria;Proteobacteria;Gammaproteobacteria","Ma1","SAMN19067398","PRJNA728043","GCA_018449155.1","Contig",2.41436,51.7,,"JAHCMT01",95,2019,"2021-05-23T00:00:00Z","ftp://ftp.ncbi.nlm.nih.gov/genomes/all/GCA/018/449/155/GCA_018449155.1_ASM1844915v1","ftp://ftp.ncbi.nlm.nih.gov/genomes/all/GCF/018/449/155/GCF_018449155.1_ASM1844915v1"
"Xylella fastidiosa subsp. multiplex","Bacteria;Proteobacteria;Gammaproteobacteria","XYL1981/18","SAMN14052385","PRJNA605219","GCA_014856675.1","Scaffold",2.50995,51.8,,"JAAGVE01",121,2160,"2020-10-06T00:00:00Z","ftp://ftp.ncbi.nlm.nih.gov/genomes/all/GCA/014/856/675/GCA_014856675.1_ASM1485667v1","ftp://ftp.ncbi.nlm.nih.gov/genomes/all/GCF/014/856/675/GCF_014856675.1_ASM1485667v1"
"Xylella fastidiosa subsp. multiplex","Bacteria;Proteobacteria;Gammaproteobacteria","XYL1966/18","SAMN14052500","PRJNA605223","GCA_014856865.1","Scaffold",2.51498,51.8,,"JAAGVO01",119,2170,"2020-10-06T00:00:00Z","ftp://ftp.ncbi.nlm.nih.gov/genomes/all/GCA/014/856/865/GCA_014856865.1_ASM1485686v1","ftp://ftp.ncbi.nlm.nih.gov/genomes/all/GCF/014/856/865/GCF_014856865.1_ASM1485686v1"
"Xylella fastidiosa subsp. fastidiosa","Bacteria;Proteobacteria;Gammaproteobacteria","XYL2055","SAMN09767242","PRJNA484623","GCA_003973695.1","Contig",2.45678,51.5,,"QTJS01",135,2141,"2018-12-27T00:00:00Z",,"ftp://ftp.ncbi.nlm.nih.gov/genomes/all/GCF/003/973/695/GCF_003973695.1_ASM397369v1"
"Xylella fastidiosa subsp. fastidiosa","Bacteria;Proteobacteria;Gammaproteobacteria","XYL1732","SAMN09767243","PRJNA484624","GCA_003973705.1","Contig",2.44411,51.4,,"QTJT01",135,2123,"2018-12-27T00:00:00Z",,"ftp://ftp.ncbi.nlm.nih.gov/genomes/all/GCF/003/973/705/GCF_003973705.1_ASM397370v1"
"Xylella fastidiosa subsp. fastidiosa","Bacteria;Proteobacteria;Gammaproteobacteria","TPD3","SAMN12097273","PRJNA549761","GCA_007845655.1","Contig",2.42208,51.5,,"VJWG01",377,2111,"2019-08-05T00:00:00Z",,"ftp://ftp.ncbi.nlm.nih.gov/genomes/all/GCF/007/845/655/GCF_007845655.1_ASM784565v1"
"Xylella fastidiosa subsp. fastidiosa","Bacteria;Proteobacteria;Gammaproteobacteria","TPD4","SAMN12097274","PRJNA549761","GCA_007845705.1","Contig",2.42718,51.5,,"VJWH01",393,2136,"2019-08-05T00:00:00Z",,"ftp://ftp.ncbi.nlm.nih.gov/genomes/all/GCF/007/845/705/GCF_007845705.1_ASM784570v1"
"Xylella fastidiosa subsp. pauca","Bacteria;Proteobacteria;Gammaproteobacteria","PD7211","SAMN10499944","PRJNA433735","GCA_006370175.1","Contig",2.65166,52.2,,"RRTZ01",3,2316,"2019-06-17T00:00:00Z",,"ftp://ftp.ncbi.nlm.nih.gov/genomes/all/GCF/006/370/175/GCF_006370175.1_ASM637017v1"
"Xylella fastidiosa subsp. pauca","Bacteria;Proteobacteria;Gammaproteobacteria","PD7202","SAMN10499946","PRJNA433735","GCA_006370235.1","Contig",2.62998,52.1,,"RRUA01",3,2325,"2019-06-17T00:00:00Z",,"ftp://ftp.ncbi.nlm.nih.gov/genomes/all/GCF/006/370/235/GCF_006370235.1_ASM637023v1"
"Xylella fastidiosa subsp. pauca","Bacteria;Proteobacteria;Gammaproteobacteria","CFBP8072","SAMN04075656","PRJNA295541","GCA_001469345.1","Scaffold",2.49666,51.9,,"LKDK01",278,2171,"2015-12-18T00:00:00Z",,"ftp://ftp.ncbi.nlm.nih.gov/genomes/all/GCF/001/469/345/GCF_001469345.1_XYFPCFBP8072"
"Xylella fastidiosa 6c","Bacteria;Proteobacteria;Gammaproteobacteria","6c","SAMN02471371","PRJNA170939","GCA_000506905.2","Contig",2.60398,52.3559,"plasmid pXF6c:NZ_CM007617.1/CM007617.1","AXBS02",19,2292,"2013-12-11T00:00:00Z","ftp://ftp.ncbi.nlm.nih.gov/genomes/all/GCA/000/506/905/GCA_000506905.2_ASM50690v2","ftp://ftp.ncbi.nlm.nih.gov/genomes/all/GCF/000/506/905/GCF_000506905.2_ASM50690v2"
"Xylella fastidiosa subsp. pauca 11399","Bacteria;Proteobacteria;Gammaproteobacteria","11399","SAMN02786837","PRJNA233654","GCA_001684415.1","Contig",2.73606,52.6387,"plasmid pXF51:NZ_CM004499.1/CM004499.1","JNBT01",36,2393,"2016-07-13T00:00:00Z",,"ftp://ftp.ncbi.nlm.nih.gov/genomes/all/GCF/001/684/415/GCF_001684415.1_ASM168441v1"
"Xylella fastidiosa Mul-MD","Bacteria;Proteobacteria;Gammaproteobacteria","Mul-MD","SAMN02630185","PRJNA219739","GCA_000567985.1","Contig",2.52055,51.6,,"AXDP01",101,2193,"2014-02-10T00:00:00Z","ftp://ftp.ncbi.nlm.nih.gov/genomes/all/GCA/000/567/985/GCA_000567985.1_Xylella_fastidiosa_Mul-MD","ftp://ftp.ncbi.nlm.nih.gov/genomes/all/GCF/000/567/985/GCF_000567985.1_Xylella_fastidiosa_Mul-MD"
"Xylella fastidiosa 32","Bacteria;Proteobacteria;Gammaproteobacteria","32","SAMN02471372","PRJNA171052","GCA_000506405.1","Contig",2.60755,52.5,,"AWYH01",56,2259,"2013-12-11T00:00:00Z","ftp://ftp.ncbi.nlm.nih.gov/genomes/all/GCA/000/506/405/GCA_000506405.1_X._fastidiosa_32","ftp://ftp.ncbi.nlm.nih.gov/genomes/all/GCF/000/506/405/GCF_000506405.1_X._fastidiosa_32"
"Xylella fastidiosa subsp. sandyi","Bacteria;Proteobacteria;Gammaproteobacteria","RAAR8_Xf70 (ACR48)","SAMN26366571","PRJNA812033","GCA_022836755.1","Contig",2.63665,51.6,,"JAKXMQ01",301,2375,"2022-03-28T00:00:00Z","ftp://ftp.ncbi.nlm.nih.gov/genomes/all/GCA/022/836/755/GCA_022836755.1_ASM2283675v1","ftp://ftp.ncbi.nlm.nih.gov/genomes/all/GCF/022/836/755/GCF_022836755.1_ASM2283675v1"
"Xylella fastidiosa subsp. sandyi","Bacteria;Proteobacteria;Gammaproteobacteria","CFBP8356","SAMN07999364","PRJNA417589","GCA_004016415.1","Scaffold",2.53615,51.6,,"PHFV01",196,2197,"2019-01-14T00:00:00Z",,"ftp://ftp.ncbi.nlm.nih.gov/genomes/all/GCF/004/016/415/GCF_004016415.1_ASM401641v1"
"Xylella fastidiosa EB92.1","Bacteria;Proteobacteria;Gammaproteobacteria","EB92.1","SAMN02471770","PRJNA61791","GCA_000219235.2","Contig",2.47543,51.5,,"AFDJ01",168,2139,"2011-06-24T00:00:00Z","ftp://ftp.ncbi.nlm.nih.gov/genomes/all/GCA/000/219/235/GCA_000219235.2_ASM21923v2","ftp://ftp.ncbi.nlm.nih.gov/genomes/all/GCF/000/219/235/GCF_000219235.1_ASM21923v2"
"Xylella fastidiosa","Bacteria;Proteobacteria;Gammaproteobacteria","Fb7","SAMN03154693","PRJNA266022","GCA_001456335.3","Complete",2.69932,52.462,"chromosome:CP010051.2; plasmid unnamed:CP014330.2",,2,2150,"2015-12-03T00:00:00Z",,"ftp://ftp.ncbi.nlm.nih.gov/genomes/all/GCF/001/456/335/GCF_001456335.2_ASM145633v3"
"Xylella fastidiosa subsp. fastidiosa GB514","Bacteria;Proteobacteria;Gammaproteobacteria","GB514","SAMN02603754","PRJNA49399","GCA_000148405.1","Complete",2.51738,51.774,"chromosome:CP002165.1; plasmid unnamed:CP002166.1",,2,2216,"2010-09-23T00:00:00Z","ftp://ftp.ncbi.nlm.nih.gov/genomes/all/GCA/000/148/405/GCA_000148405.1_ASM14840v1","ftp://ftp.ncbi.nlm.nih.gov/genomes/all/GCF/000/148/405/GCF_000148405.1_ASM14840v1"
"Xylella fastidiosa subsp. fastidiosa","Bacteria;Proteobacteria;Gammaproteobacteria","MAG_669","SAMN22645440","PRJNA763353","GCA_020792795.1"," Chromosome",2.52385,51.7,"chromosome:CP086256.1",,1,0,"2021-11-08T00:00:00Z","ftp://ftp.ncbi.nlm.nih.gov/genomes/all/GCA/020/792/795/GCA_020792795.1_ASM2079279v1",
"Xylella fastidiosa","Bacteria;Proteobacteria;Gammaproteobacteria","BB08-1","SAMN08537148","PRJNA433735","GCA_006369965.1","Contig",2.88868,51.7,,"PUIZ01",98,2357,"2019-06-17T00:00:00Z",,"ftp://ftp.ncbi.nlm.nih.gov/genomes/all/GCF/006/369/965/GCF_006369965.1_ASM636996v1"
"Xylella fastidiosa","Bacteria;Proteobacteria;Gammaproteobacteria","BBI64","SAMN08537147","PRJNA433735","GCA_006369955.1","Contig",2.92703,51.8,,"PUJA01",104,2378,"2019-06-17T00:00:00Z",,"ftp://ftp.ncbi.nlm.nih.gov/genomes/all/GCF/006/369/955/GCF_006369955.1_ASM636995v1"
"Xylella fastidiosa","Bacteria;Proteobacteria;Gammaproteobacteria","CCPM1","SAMN08537146","PRJNA433735","GCA_006370015.1","Contig",2.8222,51.8,,"PUJB01",88,2336,"2019-06-17T00:00:00Z",,"ftp://ftp.ncbi.nlm.nih.gov/genomes/all/GCF/006/370/015/GCF_006370015.1_ASM637001v1"
"Xylella fastidiosa subsp. multiplex","Bacteria;Proteobacteria;Gammaproteobacteria","P5A2","SAMN25524827","PRJNA802263","GCA_022548865.1","Contig",2.46112,51.9,,"JAKZEN01",51,2063,"2022-03-12T00:00:00Z","ftp://ftp.ncbi.nlm.nih.gov/genomes/all/GCA/022/548/865/GCA_022548865.1_ASM2254886v1",
"Xylella fastidiosa subsp. multiplex","Bacteria;Proteobacteria;Gammaproteobacteria","CFBP8416","SAMN04546448","PRJNA314983","GCA_001971475.1","Contig",2.46675,51.8,,"LUYC01",128,1815,"2017-01-25T00:00:00Z",,
"Xylella fastidiosa subsp. multiplex","Bacteria;Proteobacteria;Gammaproteobacteria","IVIA6629","SAMN11866308","PRJNA544690","GCA_009669365.1","Contig",2.7317,53.2,,"VCPM01",1099,2955,"2019-11-18T00:00:00Z",,"ftp://ftp.ncbi.nlm.nih.gov/genomes/all/GCF/009/669/365/GCF_009669365.1_ASM966936v1"
"Xylella fastidiosa subsp. multiplex","Bacteria;Proteobacteria;Gammaproteobacteria","IVIA6902","SAMN11866375","PRJNA544690","GCA_009669405.1","Contig",2.87011,53.5,,"VCPO01",1584,3233,"2019-11-18T00:00:00Z",,"ftp://ftp.ncbi.nlm.nih.gov/genomes/all/GCF/009/669/405/GCF_009669405.1_ASM966940v1"
"Xylella fastidiosa subsp. multiplex Griffin-1","Bacteria;Proteobacteria;Gammaproteobacteria","Griffin-1","SAMN02472062","PRJNA207361","GCA_000466025.1","Contig",2.38731,51.7,,"AVGA01",84,2053,"2013-09-12T00:00:00Z","ftp://ftp.ncbi.nlm.nih.gov/genomes/all/GCA/000/466/025/GCA_000466025.1_Red_Oak_Large_Contigs","ftp://ftp.ncbi.nlm.nih.gov/genomes/all/GCF/000/466/025/GCF_000466025.1_Red_Oak_Large_Contigs"
"Xylella fastidiosa subsp. fastidiosa Mus-1","Bacteria;Proteobacteria;Gammaproteobacteria","Mus-1","SAMN02343735","PRJNA217688","GCA_009812445.1","Contig",2.4382,51.5,,"AWPK01",87,2137,"2019-12-31T00:00:00Z",,"ftp://ftp.ncbi.nlm.nih.gov/genomes/all/GCF/009/812/445/GCF_009812445.1_ASM981244v1"
